index,CODE_UNIT,SubDist,Dist,SubC,Place,Unit,Housing,MVoter,FMVoter,Voter,DistC,zone,count
855,856,รองเมือง,เขตปทุมวัน,100701,อาคารโรงเรียนวัดบรมนิวาส,1,156,190,258,448,1007,Zone02,3
856,857,รองเมือง,เขตปทุมวัน,100701,อาคารโรงเรียนวัดบรมนิวาส,2,137,235,289,524,1007,Zone02,3
857,858,รองเมือง,เขตปทุมวัน,100701,อาคารโรงเรียนวัดบรมนิวาส,3,148,282,315,597,1007,Zone02,2
858,859,รองเมือง,เขตปทุมวัน,100701,อาคารโรงเรียนวัดบรมนิวาส,4,167,278,318,596,1007,Zone02,1
859,860,รองเมือง,เขตปทุมวัน,100701,อาคารโรงเรียนวัดชัยมงคล,5,129,367,383,750,1007,Zone02,1
860,861,รองเมือง,เขตปทุมวัน,100701,อาคารโรงเรียนวัดชัยมงคล,6,172,343,388,731,1007,Zone02,1
861,862,รองเมือง,เขตปทุมวัน,100701,อาคารโรงเรียนวัดชัยมงคล,7,154,318,353,671,1007,Zone02,3
862,863,รองเมือง,เขตปทุมวัน,100701,ศาลาบุญญนิธิ (วัดชำนิหัตถการ),8,226,337,420,757,1007,Zone02,2
863,864,รองเมือง,เขตปทุมวัน,100701,อาคารโรงเรียนวัดสระบัว,9,145,220,273,493,1007,Zone02,2
864,865,รองเมือง,เขตปทุมวัน,100701,อาคารโรงเรียนวัดสระบัว,10,132,189,218,407,1007,Zone02,1
865,866,รองเมือง,เขตปทุมวัน,100701,บริเวณอาคารโรงเรียนสีตบุตรบำรุง,11,208,264,314,578,1007,Zone02,3
866,867,รองเมือง,เขตปทุมวัน,100701,บริเวณอาคารโรงเรียนสีตบุตรบำรุง,12,176,259,281,540,1007,Zone02,2
867,868,รองเมือง,เขตปทุมวัน,100701,เต็นท์บริเวณโรงเรียนสีตบุตรบำรุง,13,182,263,293,556,1007,Zone02,3
868,869,รองเมือง,เขตปทุมวัน,100701,อาคารโรงเรียนวัดดวงแข,14,176,276,303,579,1007,Zone02,0
869,870,รองเมือง,เขตปทุมวัน,100701,อาคารโรงเรียนวัดดวงแข,15,173,269,294,563,1007,Zone02,4
870,871,รองเมือง,เขตปทุมวัน,100701,อาคารโรงเรียนวัดดวงแข,16,179,260,347,607,1007,Zone02,2
871,872,รองเมือง,เขตปทุมวัน,100701,เต็นท์บริเวณลานจอดรถ ศาลแรงงานกลาง (แยกมหานคร),17,179,255,329,584,1007,Zone02,2
872,873,รองเมือง,เขตปทุมวัน,100701,เต็นท์บริเวณลานจอดรถ ศาลแรงงานกลาง (แยกมหานคร),18,192,277,334,611,1007,Zone02,0
873,874,รองเมือง,เขตปทุมวัน,100701,บริเวณโรงเรียนประเสริฐธรรมวิทยา,19,280,325,375,700,1007,Zone02,3
874,875,รองเมือง,เขตปทุมวัน,100701,บริเวณโรงเรียนประเสริฐธรรมวิทยา,20,172,281,343,624,1007,Zone02,1
875,876,รองเมือง,เขตปทุมวัน,100701,บริเวณโรงเรียนประเสริฐธรรมวิทยา,21,215,275,352,627,1007,Zone02,0
876,877,วังใหม่,เขตปทุมวัน,100702,เต็นท์บริเวณตึกอำนวยการ สถาบันเทคโนโลยีปทุมวัน,1,282,258,342,600,1007,Zone02,0
877,878,วังใหม่,เขตปทุมวัน,100702,เต็นท์บริเวณตึกอำนวยการ สถาบันเทคโนโลยีปทุมวัน,2,388,280,352,632,1007,Zone02,0
878,879,วังใหม่,เขตปทุมวัน,100702,เต็นท์บริเวณหอพักจุฬานิวาส จุฬาลงกรณ์มหาวิทยาลัย,3,237,323,395,718,1007,Zone02,4
879,880,วังใหม่,เขตปทุมวัน,100702,เต็นท์บริเวณลานจอดรถศูนย์บริการสาธารณสุข 5 (จุฬาลงกรณ์),4,166,205,241,446,1007,Zone02,0
880,881,วังใหม่,เขตปทุมวัน,100702,เต็นท์บริเวณลานจอดรถศูนย์บริการสาธารณสุข 5 (จุฬาลงกรณ์),5,186,249,176,425,1007,Zone02,0
881,882,ปทุมวัน,เขตปทุมวัน,100703,อาคารโรงเรียนวัดปทุมวนารามฯ,1,164,310,326,636,1007,Zone02,3
882,883,ปทุมวัน,เขตปทุมวัน,100703,บริเวณอาคารเภสัชกรรม โรงพยาบาลตำรวจ,2,2,86,252,338,1007,Zone02,3
883,884,ปทุมวัน,เขตปทุมวัน,100703,อาคารมหาวิทยาลัยเทคโนโลยีราชมงคลตะวันออก วิทยาเขตอุเทนถวาย,3,73,81,92,173,1007,Zone02,4
884,885,ปทุมวัน,เขตปทุมวัน,100703,บริเวณอาคารอานันทมหิดล คณะแพทยศาสตร์ โรงพยาบาลจุฬาลงกรณ์,4,2,174,275,449,1007,Zone02,3
885,886,ลุมพินี,เขตปทุมวัน,100704,โรงเรียนมาแตร์เดอี (อาคารอนุสรณ์ 50 ปี),1,532,289,367,656,1007,Zone02,4
886,887,ลุมพินี,เขตปทุมวัน,100704,โรงเรียนมาแตร์เดอี (อาคารอนุสรณ์ 50 ปี),2,397,256,393,649,1007,Zone02,2
887,888,ลุมพินี,เขตปทุมวัน,100704,โรงเรียนมาแตร์เดอี (อาคารอนุสรณ์ 50 ปี),3,362,260,396,656,1007,Zone02,1
888,889,ลุมพินี,เขตปทุมวัน,100704,โรงเรียนมาแตร์เดอี (อาคารอนุสรณ์ 50 ปี),4,535,323,401,724,1007,Zone02,1
889,890,ลุมพินี,เขตปทุมวัน,100704,โรงเรียนมาแตร์เดอี (อาคารอนุสรณ์ 50 ปี),5,461,269,408,677,1007,Zone02,1
890,891,ลุมพินี,เขตปทุมวัน,100704,เต็นท์บริเวณลานกิจกรรมของโรงเรียนสวนลุมพินี,6,167,247,309,556,1007,Zone02,2
891,892,ลุมพินี,เขตปทุมวัน,100704,เต็นท์บริเวณลานกิจกรรมของโรงเรียนสวนลุมพินี,7,195,317,255,572,1007,Zone02,3
892,893,ลุมพินี,เขตปทุมวัน,100704,อาคารโรงเรียนพระมหาไถ่ศึกษา,8,376,290,394,684,1007,Zone02,0
893,894,ลุมพินี,เขตปทุมวัน,100704,อาคารโรงเรียนพระมหาไถ่ศึกษา,9,199,333,365,698,1007,Zone02,4
894,895,ลุมพินี,เขตปทุมวัน,100704,เต็นท์บริเวณสนามฟุตบอลโปโลปาร์ค,10,146,243,271,514,1007,Zone02,3
895,896,ลุมพินี,เขตปทุมวัน,100704,เต็นท์บริเวณสนามฟุตบอลโปโลปาร์ค,11,125,229,294,523,1007,Zone02,3
896,897,ลุมพินี,เขตปทุมวัน,100704,เต็นท์บริเวณสนามฟุตบอลโปโลปาร์ค,12,121,239,290,529,1007,Zone02,0
897,898,ลุมพินี,เขตปทุมวัน,100704,เต็นท์บริเวณโรงเรียนปลูกจิต,13,240,322,368,690,1007,Zone02,1
898,899,ลุมพินี,เขตปทุมวัน,100704,เต็นท์บริเวณโรงเรียนปลูกจิต,14,232,303,386,689,1007,Zone02,1
899,900,ลุมพินี,เขตปทุมวัน,100704,ศาลาประชาคมการเคหะชุมชนบ่อนไก่,15,212,267,336,603,1007,Zone02,2
900,901,ลุมพินี,เขตปทุมวัน,100704,อาคารศูนย์เยาวชนบ่อนไก่,16,162,247,296,543,1007,Zone02,0
901,902,ลุมพินี,เขตปทุมวัน,100704,อาคารศูนย์เยาวชนบ่อนไก่,17,134,236,278,514,1007,Zone02,1
902,903,ลุมพินี,เขตปทุมวัน,100704,อาคารศูนย์เยาวชนบ่อนไก่,18,171,222,304,526,1007,Zone02,1
903,904,ลุมพินี,เขตปทุมวัน,100704,อาคารศูนย์เยาวชนบ่อนไก่,19,158,251,259,510,1007,Zone02,1
904,905,ลุมพินี,เขตปทุมวัน,100704,เต็นท์บริเวณศูนย์บริการสาธารณสุข 16 (ลุมพินี),20,144,243,284,527,1007,Zone02,2
905,906,ลุมพินี,เขตปทุมวัน,100704,อาคารโรงเรียนสุนีพิทยา,21,232,287,390,677,1007,Zone02,3
906,907,ลุมพินี,เขตปทุมวัน,100704,อาคารโรงเรียนสุนีพิทยา,22,263,283,398,681,1007,Zone02,2
907,908,ลุมพินี,เขตปทุมวัน,100704,อาคารโรงเรียนสุนีพิทยา,23,297,302,352,654,1007,Zone02,1
